{
  "custom": {
    "button": {
      "primary": {
        "disabled": {
          "background": {
            "$type": "color",
            "$value": "{surface.300}"
          },
          "border": {
            "color": {
              "$type": "color",
              "$value": "{surface.300}"
            }
          },
          "color": {
            "$type": "color",
            "$value": "{surface.700}"
          }
        }
      },
      "text": {
        "primary": {
          "disabled": {
            "color": {
              "$type": "color",
              "$value": "{surface.700}"
            }
          }
        }
      },
      "outlined": {
        "primary": {
          "disabled": {
            "border": {
              "color": {
                "$type": "color",
                "$value": "{surface.300}"
              }
            },
            "color": {
              "$type": "color",
              "$value": "{surface.700}"
            }
          }
        }
      },
      "link": {
        "disabled": {
          "color": {
            "$type": "color",
            "$value": "{surface.700}"
          }
        }
      }
    }
  }
}