{
  "custom": {
    "button": {
      "primary": {
        "disabled": {
          "background": {
            "$type": "color",
            "$value": "{surface.300}"
          },
          "border": {
            "color": {
              "$type": "color",
              "$value": "{surface.300}"
            }
          },
          "color": {
            "$type": "color",
            "$value": "{surface.700}"
          }
        }
      },
      "text": {
        "primary": {
          "disabled": {
            "color": {
              "$type": "color",
              "$value": "{surface.700}"
            }
          }
        }
      },
      "outlined": {
        "primary": {
          "disabled": {
            "border": {
              "color": {
                "$type": "color",
                "$value": "{surface.300}"
              }
            },
            "color": {
              "$type": "color",
              "$value": "{surface.700}"
            }
          }
        }
      },
      "link": {
        "disabled": {
          "color": {
            "$type": "color",
            "$value": "{surface.700}"
          }
        }
      }
    },
    "menu": {
      "item": {
        "active": {
          "border": {
            "color": {
              "$type": "color",
              "$value": "{primary.active.color}"
            }
          }
        }
      },
      "padding": {
        "item": {
          "x": {
            "$type": "spacing",
            "$value": "0.75rem"
          },
          "y": {
            "$type": "spacing",
            "$value": "0.5rem"
          }
        }
      }
    },
    "companyplantswitcher": {
      "padding": {
        "md": {
          "$type": "sizing",
          "$value": "0.75rem 1.25rem",
          "$description": "for company thumbnail when sidebar open"
        },
        "sm": {
          "$type": "sizing",
          "$value": "0.5rem 1.25rem",
          "$description": "for company thumbnail when sidebar closed"
        }
      }
    }
  }
}