{
  "custom": {
    "button": {
      "primary": {
        "disabled": {
          "background": {
            "$type": "color",
            "$value": "{surface.300}"
          },
          "border": {
            "color": {
              "$type": "color",
              "$value": "{surface.300}"
            }
          },
          "color": {
            "$type": "color",
            "$value": "{surface.700}"
          }
        }
      },
      "text": {
        "primary": {
          "disabled": {
            "color": {
              "$type": "color",
              "$value": "{surface.700}"
            }
          }
        }
      },
      "outlined": {
        "primary": {
          "disabled": {
            "border": {
              "color": {
                "$type": "color",
                "$value": "{surface.300}"
              }
            },
            "color": {
              "$type": "color",
              "$value": "{surface.700}"
            }
          }
        }
      },
      "link": {
        "disabled": {
          "color": {
            "$type": "color",
            "$value": "{surface.700}"
          }
        }
      }
    },
    "menu": {
      "item": {
        "active": {
          "border": {
            "color": {
              "$type": "color",
              "$value": "{primary.active.color}"
            }
          }
        },
        "padding": {
          "x": {
            "$type": "spacing",
            "$value": "0.75rem"
          },
          "y": {
            "$type": "spacing",
            "$value": "0.5rem"
          }
        },
        "icon": {
          "padding": {
            "x": {
              "$type": "spacing",
              "$value": "{custom.spacing-2xs}"
            },
            "y": {
              "$type": "spacing",
              "$value": "{custom.spacing-xs}"
            }
          },
          "gap": {
            "$type": "spacing",
            "$value": "{custom.spacing-xs}"
          }
        }
      },
      "gap": {
        "$type": "spacing",
        "$value": "{custom.spacing-xs}"
      }
    },
    "sidebar": {
      "background": {
        "$type": "color",
        "$value": "{custom.surface.primary.800}"
      },
      "border": {
        "color": {
          "$type": "color",
          "$value": "{custom.surface.primary.800}"
        }
      }
    },
    "surface": {
      "primary": {
        "50": {
          "$type": "color",
          "$value": "{primary.50}"
        },
        "100": {
          "$type": "color",
          "$value": "{primary.100}"
        },
        "200": {
          "$type": "color",
          "$value": "{primary.200}"
        },
        "300": {
          "$type": "color",
          "$value": "{primary.300}"
        },
        "400": {
          "$type": "color",
          "$value": "{primary.400}"
        },
        "500": {
          "$type": "color",
          "$value": "{primary.500}"
        },
        "600": {
          "$type": "color",
          "$value": "{primary.600}"
        },
        "700": {
          "$type": "color",
          "$value": "{primary.700}"
        },
        "800": {
          "$type": "color",
          "$value": "{primary.800}"
        },
        "900": {
          "$type": "color",
          "$value": "{primary.900}"
        },
        "950": {
          "$type": "color",
          "$value": "{primary.950}"
        }
      }
    },
    "heading": {
      "color": {
        "$type": "color",
        "$value": "{slate.800}"
      }
    },
    "spacing-2xs": {
      "$type": "spacing",
      "$value": "0.25rem"
    },
    "spacing-xs": {
      "$type": "spacing",
      "$value": "0.5rem"
    },
    "spacing-sm": {
      "$type": "spacing",
      "$value": "0.75rem"
    },
    "spacing-md": {
      "$type": "spacing",
      "$value": "1rem"
    },
    "spacing-lg": {
      "$type": "spacing",
      "$value": "1.25rem"
    },
    "spacing-xl": {
      "$type": "spacing",
      "$value": "1.5rem"
    },
    "spacing-2xl": {
      "$type": "spacing",
      "$value": "2rem"
    },
    "spacing-3xl": {
      "$type": "spacing",
      "$value": "3rem"
    },
    "spacing-4xl": {
      "$type": "spacing",
      "$value": "4rem"
    },
    "topbar": {
      "padding": {
        "x": {
          "$type": "spacing",
          "$value": "{custom.spacing-sm}"
        },
        "y": {
          "$type": "spacing",
          "$value": "{custom.spacing-xs}"
        }
      }
    },
    "menubar": {
      "item": {
        "padding": {
          "x": {
            "$type": "spacing",
            "$value": "{custom.spacing-sm}"
          },
          "y": {
            "$type": "spacing",
            "$value": "{custom.spacing-xs}"
          }
        }
      }
    },
    "companyplantswitcher": {
      "md": {
        "x": {
          "$type": "spacing",
          "$value": "{custom.spacing-sm}"
        },
        "y": {
          "$type": "spacing",
          "$value": "{custom.spacing-lg}"
        }
      },
      "sm": {
        "x": {
          "$type": "spacing",
          "$value": "{custom.spacing-xs}"
        },
        "y": {
          "$type": "spacing",
          "$value": "{custom.spacing-lg}"
        }
      },
      "gap": {
        "$type": "spacing",
        "$value": "{custom.spacing-xs}"
      }
    },
    "tooltip": {
      "padding": {
        "x": {
          "$type": "spacing",
          "$value": "{custom.spacing-sm}"
        },
        "y": {
          "$type": "spacing",
          "$value": "{custom.spacing-xs}"
        }
      }
    }
  },
  "text-2xs": {
    "$type": "fontSizes",
    "$value": "0.65rem"
  },
  "text-xs": {
    "$type": "fontSizes",
    "$value": "0.75rem"
  },
  "text-sm": {
    "$type": "fontSizes",
    "$value": "0.875rem"
  },
  "text-base": {
    "$type": "fontSizes",
    "$value": "1rem"
  },
  "text-lg": {
    "$type": "fontSizes",
    "$value": "1.125rem"
  },
  "text-xl": {
    "$type": "fontSizes",
    "$value": "1.25rem"
  },
  "text-2xl": {
    "$type": "fontSizes",
    "$value": "1.5rem"
  },
  "text-3xl": {
    "$type": "fontSizes",
    "$value": "1.75rem"
  },
  "text-4xl": {
    "$type": "fontSizes",
    "$value": "2rem"
  },
  "text-5xl": {
    "$type": "fontSizes",
    "$value": "2.5rem"
  },
  "text-6xl": {
    "$type": "fontSizes",
    "$value": "3rem"
  },
  "text-7xl": {
    "$type": "fontSizes",
    "$value": "4rem"
  },
  "text-8xl": {
    "$type": "fontSizes",
    "$value": "6rem"
  },
  "font-family": {
    "$type": "fontFamilies",
    "$value": "Inter"
  },
  "font-light": {
    "$type": "fontWeights",
    "$value": "300"
  },
  "font-normal": {
    "$type": "fontWeights",
    "$value": "400"
  },
  "font-medium": {
    "$type": "fontWeights",
    "$value": "500"
  },
  "font-semibold": {
    "$type": "fontWeights",
    "$value": "600"
  },
  "font-bold": {
    "$type": "fontWeights",
    "$value": "700"
  },
  "line-height-1": {
    "$type": "lineHeights",
    "$value": "1.15"
  },
  "line-height-2": {
    "$type": "lineHeights",
    "$value": "1.2"
  },
  "line-height-3": {
    "$type": "lineHeights",
    "$value": "1.35"
  },
  "line-height-4": {
    "$type": "lineHeights",
    "$value": "1.4"
  },
  "h1": {
    "$type": "typography",
    "$value": {
      "fontFamily": "{font-family}",
      "fontWeight": "{font-bold}",
      "fontSize": "{text-4xl}",
      "lineHeight": "{line-height-1}"
    }
  },
  "h2": {
    "$type": "typography",
    "$value": {
      "fontFamily": "{font-family}",
      "fontWeight": "{font-semibold}",
      "fontSize": "{text-3xl}",
      "lineHeight": "{line-height-2}"
    }
  },
  "h3": {
    "$type": "typography",
    "$value": {
      "fontFamily": "{font-family}",
      "fontWeight": "{font-semibold}",
      "fontSize": "{text-2xl}",
      "lineHeight": "{line-height-2}"
    }
  },
  "h4": {
    "$type": "typography",
    "$value": {
      "fontFamily": "{font-family}",
      "fontWeight": "{font-semibold}",
      "fontSize": "{text-xl}",
      "lineHeight": "{line-height-2}"
    }
  },
  "h5": {
    "$type": "typography",
    "$value": {
      "fontFamily": "{font-family}",
      "fontWeight": "{font-semibold}",
      "fontSize": "{text-lg}",
      "lineHeight": "{line-height-2}"
    }
  },
  "body": {
    "base": {
      "$type": "typography",
      "$value": {
        "fontFamily": "{font-family}",
        "fontWeight": "{font-normal}",
        "fontSize": "{text-base}",
        "lineHeight": "{line-height-4}"
      }
    },
    "small": {
      "$type": "typography",
      "$value": {
        "fontFamily": "{font-family}",
        "fontWeight": "{font-normal}",
        "fontSize": "{text-sm}",
        "lineHeight": "{line-height-3}"
      }
    }
  },
  "micro": {
    "$type": "typography",
    "$value": {
      "fontFamily": "{font-family}",
      "fontWeight": "{font-medium}",
      "fontSize": "{text-xs}",
      "lineHeight": "{line-height-3}"
    }
  },
  "nano": {
    "$type": "typography",
    "$value": {
      "fontFamily": "{font-family}",
      "fontWeight": "{font-medium}",
      "fontSize": "{text-2xs}",
      "lineHeight": "{line-height-3}"
    }
  },
  "label": {
    "inputtext": {
      "$type": "typography",
      "$value": {
        "fontFamily": "{font-family}",
        "fontWeight": "{font-normal}",
        "fontSize": "{text-base}",
        "lineHeight": "{line-height-2}"
      }
    },
    "small": {
      "inputtext": {
        "$type": "typography",
        "$value": {
          "fontFamily": "{font-family}",
          "fontWeight": "{font-normal}",
          "fontSize": "{text-xs}",
          "lineHeight": "{line-height-2}"
        }
      }
    }
  }
}