{
  "surface": {
    "0": {
      "$type": "color",
      "$value": "#ffffff"
    },
    "50": {
      "$type": "color",
      "$value": "{zinc.50}"
    },
    "100": {
      "$type": "color",
      "$value": "{zinc.100}"
    },
    "200": {
      "$type": "color",
      "$value": "{zinc.200}"
    },
    "300": {
      "$type": "color",
      "$value": "{zinc.300}"
    },
    "400": {
      "$type": "color",
      "$value": "{zinc.400}"
    },
    "500": {
      "$type": "color",
      "$value": "{zinc.500}"
    },
    "600": {
      "$type": "color",
      "$value": "{zinc.600}"
    },
    "700": {
      "$type": "color",
      "$value": "{zinc.700}"
    },
    "800": {
      "$type": "color",
      "$value": "{zinc.800}"
    },
    "900": {
      "$type": "color",
      "$value": "{zinc.900}"
    },
    "950": {
      "$type": "color",
      "$value": "{zinc.950}"
    }
  },
  "primary": {
    "color": {
      "$type": "color",
      "$value": "{primary.400}"
    },
    "contrast": {
      "color": {
        "$type": "color",
        "$value": "{surface.900}"
      }
    },
    "hover": {
      "color": {
        "$type": "color",
        "$value": "{primary.300}"
      }
    },
    "active": {
      "color": {
        "$type": "color",
        "$value": "{primary.200}"
      }
    }
  },
  "highlight": {
    "background": {
      "$extensions": {
        "studio.tokens": {
          "modify": {
            "type": "alpha",
            "value": "0.16",
            "space": "srgb"
          }
        }
      },
      "$type": "color",
      "$value": "{primary.400}"
    },
    "focus": {
      "background": {
        "$extensions": {
          "studio.tokens": {
            "modify": {
              "type": "alpha",
              "value": "0.24",
              "space": "srgb"
            }
          }
        },
        "$type": "color",
        "$value": "{primary.400}"
      },
      "color": {
        "$type": "color",
        "$value": "rgba(255,255,255,.87)"
      }
    },
    "color": {
      "$type": "color",
      "$value": "rgba(255,255,255,.87)"
    }
  },
  "mask": {
    "background": {
      "$type": "color",
      "$value": "rgba(0,0,0,0.6)"
    },
    "color": {
      "$type": "color",
      "$value": "{surface.200}"
    }
  },
  "form": {
    "field": {
      "background": {
        "$type": "color",
        "$value": "{surface.950}"
      },
      "disabled": {
        "background": {
          "$type": "color",
          "$value": "{surface.700}"
        },
        "color": {
          "$type": "color",
          "$value": "{surface.400}"
        }
      },
      "filled": {
        "background": {
          "$type": "color",
          "$value": "{surface.800}"
        },
        "focus": {
          "background": {
            "$type": "color",
            "$value": "{surface.800}"
          }
        },
        "hover": {
          "background": {
            "$type": "color",
            "$value": "{surface.800}"
          }
        }
      },
      "border": {
        "color": {
          "$type": "color",
          "$value": "{surface.600}"
        }
      },
      "hover": {
        "border": {
          "color": {
            "$type": "color",
            "$value": "{surface.500}"
          }
        }
      },
      "focus": {
        "border": {
          "color": {
            "$type": "color",
            "$value": "{primary.color}"
          }
        }
      },
      "invalid": {
        "border": {
          "color": {
            "$type": "color",
            "$value": "{red.300}"
          }
        },
        "placeholder": {
          "color": {
            "$type": "color",
            "$value": "{red.400}"
          }
        }
      },
      "placeholder": {
        "color": {
          "$type": "color",
          "$value": "{surface.400}"
        }
      },
      "float": {
        "label": {
          "color": {
            "$type": "color",
            "$value": "{surface.400}"
          },
          "focus": {
            "color": {
              "$type": "color",
              "$value": "{surface.400}"
            }
          },
          "invalid": {
            "color": {
              "$type": "color",
              "$value": "{form.field.invalid.placeholder.color}"
            }
          },
          "active": {
            "color": {
              "$type": "color",
              "$value": "{surface.400}"
            }
          }
        }
      },
      "icon": {
        "color": {
          "$type": "color",
          "$value": "{surface.400}"
        }
      },
      "shadow": {
        "$type": "boxShadow",
        "$value": {
          "x": "0",
          "y": "1",
          "blur": "2",
          "spread": "0",
          "color": "rgba(18, 18, 23, 0.05)",
          "type": "dropShadow"
        }
      },
      "color": {
        "$type": "color",
        "$value": "{surface.0}"
      }
    }
  },
  "content": {
    "background": {
      "$type": "color",
      "$value": "{surface.900}"
    },
    "hover": {
      "background": {
        "$type": "color",
        "$value": "{surface.800}"
      },
      "color": {
        "$type": "color",
        "$value": "{text.hover.color}"
      }
    },
    "border": {
      "color": {
        "$type": "color",
        "$value": "{surface.700}"
      }
    },
    "color": {
      "$type": "color",
      "$value": "{text.color}"
    }
  },
  "text": {
    "color": {
      "$type": "color",
      "$value": "{surface.0}"
    },
    "hover": {
      "color": {
        "$type": "color",
        "$value": "{surface.0}"
      },
      "muted": {
        "color": {
          "$type": "color",
          "$value": "{surface.300}"
        }
      }
    },
    "muted": {
      "color": {
        "$type": "color",
        "$value": "{surface.400}"
      }
    }
  },
  "overlay": {
    "select": {
      "background": {
        "$type": "color",
        "$value": "{surface.900}"
      },
      "border": {
        "color": {
          "$type": "color",
          "$value": "{surface.700}"
        }
      },
      "color": {
        "$type": "color",
        "$value": "{text.color}"
      }
    },
    "popover": {
      "background": {
        "$type": "color",
        "$value": "{surface.900}"
      },
      "border": {
        "color": {
          "$type": "color",
          "$value": "{surface.700}"
        }
      },
      "color": {
        "$type": "color",
        "$value": "{text.color}"
      }
    },
    "modal": {
      "background": {
        "$type": "color",
        "$value": "{surface.900}"
      },
      "border": {
        "color": {
          "$type": "color",
          "$value": "{surface.700}"
        }
      },
      "color": {
        "$type": "color",
        "$value": "{text.color}"
      }
    }
  },
  "list": {
    "option": {
      "focus": {
        "background": {
          "$type": "color",
          "$value": "{surface.800}"
        },
        "color": {
          "$type": "color",
          "$value": "{text.hover.color}"
        }
      },
      "selected": {
        "background": {
          "$type": "color",
          "$value": "{highlight.background}"
        },
        "focus": {
          "background": {
            "$type": "color",
            "$value": "{highlight.focus.background}"
          },
          "color": {
            "$type": "color",
            "$value": "{highlight.focus.color}"
          }
        },
        "color": {
          "$type": "color",
          "$value": "{highlight.color}"
        }
      },
      "color": {
        "$type": "color",
        "$value": "{text.color}"
      },
      "icon": {
        "color": {
          "$type": "color",
          "$value": "{surface.500}"
        },
        "focus": {
          "color": {
            "$type": "color",
            "$value": "{surface.400}"
          }
        }
      },
      "group": {
        "background": {
          "$type": "color",
          "$value": "transparent"
        },
        "color": {
          "$type": "color",
          "$value": "{text.muted.color}"
        }
      }
    }
  },
  "navigation": {
    "item": {
      "focus": {
        "background": {
          "$type": "color",
          "$value": "{surface.800}"
        },
        "color": {
          "$type": "color",
          "$value": "{text.hover.color}"
        }
      },
      "active": {
        "background": {
          "$type": "color",
          "$value": "{surface.800}"
        },
        "color": {
          "$type": "color",
          "$value": "{text.hover.color}"
        }
      },
      "color": {
        "$type": "color",
        "$value": "{text.color}"
      },
      "icon": {
        "color": {
          "$type": "color",
          "$value": "{surface.500}"
        },
        "focus": {
          "color": {
            "$type": "color",
            "$value": "{surface.400}"
          }
        },
        "active": {
          "color": {
            "$type": "color",
            "$value": "{surface.400}"
          }
        }
      }
    },
    "submenu": {
      "label": {
        "background": {
          "$type": "color",
          "$value": "transparent"
        },
        "color": {
          "$type": "color",
          "$value": "{text.muted.color}"
        }
      },
      "icon": {
        "color": {
          "$type": "color",
          "$value": "{surface.500}"
        },
        "focus": {
          "color": {
            "$type": "color",
            "$value": "{surface.400}"
          }
        },
        "active": {
          "color": {
            "$type": "color",
            "$value": "{surface.400}"
          }
        }
      }
    }
  }
}